use advoplan;

INSERT INTO roles(role) values('user'),('lawyer'),('admin');

INSERT INTO specialization_types(name) values('lawyer'),('notary');

INSERT INTO languages(language) values
('Arabisch'),
('Englisch'),
('Französisch'),
('Gebärdensprache'),
('Italienisch'),
('Persisch'),
('Polnisch'),
('Portugiesisch'),
('Rumänisch'),
('Russisch'),
('Spanisch'),
('Türkisc');

INSERT INTO week_days(name) values
('Sunday'),
('Monday'),
('Tuesday'),
('Wednesday'),
('Thursday'),
('Friday'),
('Saturday');

INSERT INTO time_slot(time_range) VALUES
('9:00, 9:15'),
('9:15, 9:30'),
('9:30, 9:45'),
('9:45, 10:00'),
('10:00, 10:15'),
('10:15, 10:30'),
('10:30, 10:45'),
('10:45, 11:00'),
('11:00, 11:15'),
('11:15, 11:30'),
('11:30, 11:45'),
('11:45, 12:00'),
('12:00, 12:15'),
('12:15, 12:30'),
('12:30, 12:45'),
('12:45, 13:00'),
('13:00, 13:15'),
('13:15, 13:30'),
('13:30, 13:45'),
('13:45, 14:00'),
('14:00, 14:15'),
('14:15, 14:30'),
('14:30, 14:45'),
('14:45, 15:00'),
('15:00, 15:15'),
('15:15, 15:30'),
('15:30, 15:45'),
('15:45, 16:00'),
('16:00, 16:15'),
('16:15, 16:30'),
('16:30, 16:45'),
('16:45, 17:00'),
('17:00, 17:15'),
('17:15, 17:30'),
('17:30, 17:45'),
('17:45, 18:00'),
('18:00, 18:15'),
('18:15, 18:30'),
('18:30, 18:45'),
('18:45, 19:00'),
('19:00, 19:15'),
('19:15, 19:30'),
('19:30, 19:45'),
('19:45, 20:00'),
('20:00, 20:15'),
('20:15, 20:30'),
('20:30, 20:45'),
('20:45, 21:00'),
('21:00, 21:15'),
('21:15, 21:30'),
('21:30, 21:45'),
('21:45, 22:00');

INSERT INTO
users( id , first_name , last_name , email , mobile_phone, password, firm , address, role_id, image_url, latitude, longitude, country, zip_code, gender) 
VALUES
(
'mock1', 'Dr. Kai', 'Rohs', 'mockEmail1@gmail.com', 'mocknumber', 'password1', 'Anwaltskanzlei Dr. Kai Rohs', 'Graf-Adolf-Strasse 21, 40212 Düsseldorf', 2, 'http://www.anwaltskanzlei-dr-kai-rohs.de/wp-content/uploads/kai_rohs_quadrat-300x300.png' ,51.218730, 6.781260, 'Sri Lanka', '11300', 0
),
(
'mock2', 'Katja', 'Jungfermann', 'mockEmail2@gmail.com', 'mocknumber', 'password1', 'CLP Rechtsanwälte', 'Niederkasseler Lohweg 18, 40547 Düsseldorf', 2, 'https://www.clp-rechtsanwaelte.de/wpdata/wp-content/uploads/2018/01/Katja-Jungfermann_2-1030x683.jpg' ,51.241920, 6.735210, 'Sri Lanka', '11300', 0
),
(
'mock3', 'Dr. Rainer', 'Borgelt', 'mockEmail3@gmail.com', 'mocknumber', 'password1', 'Borgelt & Partner Rechtsanwälte mbB', 'Taubenstr. 22, 40479 Düsseldorf', 2, 'https://i0.wp.com/borgelt.de/wp-content/uploads/2016/09/Rainer_Borgelt.jpg?resize=889%2C1030&ssl=1' , 51.231340, 6.782110, 'Sri Lanka', '11300', 0
),
(
'mock4', 'Anne', 'Lammers', 'mockEmail4', 'mocknumber@gmail.com', 'password1', 'MSH Rechtsanwälte GbR', 'Berliner Allee 56, 40212 Düsseldorf', 2, 'https://www.msh-rechtsanwaelte.de/wp-content/uploads/2020/07/J.Rolfes.MSH_.AnneLammers200603.125.ret5-A5-SW-1024x658.jpg' ,51.218260, 6.782280, 'Sri Lanka', '11300', 0
),
(
'mock5', 'Jan Niklas', 'Schulte', 'mockEmail5', 'mocknumber@gmail.com', 'password1', 'PETERS RechtsanwältePartnerschaftsgesellschaft mbB', 'Burggrafenstrasse 5, 40545 Düsseldorf', 2, 'https://www.peters-legal.com/wp-content/uploads/peters-ra-schulte-jan-niklas-1.jpg' , 51.232500, 6.759500, 'Sri Lanka', '11300', 0
),
(
'mock6', 'Mélanie', 'Clerc', 'mockEmail6', 'mocknumber', 'password1@gmail.com', 'FRANZ RECHTSANWÄLTE Partnerschaftsgesellschaft mbB', 'Kaistrasse 16A 40221, Düsseldorfy', 2, 'https://www.franzlegal.com/files/theme_files/lawyers/teams/FRANZlegalMC2.jpg', 51.262500, 6.8, 'Sri Lanka', '11300', 0
);

INSERT INTO specializations(specialization, type) values
('Agrarrecht', 1),
('Allgemeines Vertragsrecht', 1),
('Anwaltshaftung', 1),
('Arbeitsrecht', 1),
('Arzthaftungsrecht', 1),
('Ausländerrecht & Asylrecht', 1),
('Bankrecht & Kapitalmarktrecht', 1),
('Baurecht & Architektenrecht', 1),
('Beamtenrecht', 1),
('Betreuungsrecht', 1),
('Betriebliche Altersversorgung', 1),
('Datenschutzrecht', 1),
('Designrecht', 1),
('Erbrecht', 1),
('Familienrecht', 1),
('Forderungseinzug & Inkassorecht', 1),
('Gewerblicher Rechtsschutz', 1),
('Grundstücksrechts & Immobilienrecht', 1),
('Insolvenzrecht', 1),
('Internationales Recht', 1),
('Internationales Wirtschaftsrecht', 1),
('IT-Recht', 1),
('Jagdrecht', 1),
('Kaufrecht', 1),
('Maklerrecht', 1),
('Markenrecht', 1),
('Mediation', 1),
('Medizinrecht', 1),
('Mietrechts & Wohnungseigenturmsrecht', 1),
('Migrationsrecht', 1),
('Öffentliches Baurecht', 1),
('Öffentliches Rechts', 1),
('Opferhilfe', 1),
('Ordnungswidrigkeitenrecht', 1),
('Patentrecht', 1),
('Pferderecht', 1),
('Pflegerecht', 1),
('Rechts rund ums Tier', 1),
('Reiserecht', 1),
('Schadensersatzrecht &', 1),
('Schmerzensgeldrecht', 1),
('Schiedsgerichtsbarkeit', 1),
('Secht', 1),
('Schwerbehindertenrecht', 1),
('Sozialrecht', 1),
('Sozialversicherungsrecht', 1),
('Sportrecht', 1),
('Steuerrecht', 1),
('StrafrechtAgrarrecht', 1),
('Allgemeines Vertragsrecht', 1),
('Anwaltshaftung', 1),
('Arzthaftungsrecht', 1),
('Ausländerrecht & Asylrecht', 1),
('Bankrecht & Kapitalmarktrecht', 1),
('Baurecht & Architektenrecht', 1),
('Betreuungsrecht', 1),
('Betriebliche Altersversorgung', 1),
('Datenschutzrecht', 1),
('Designrecht', 1),
('Erbrecht', 1),
('Familienrecht', 1),
('Forderungseinzug & Inkassorecht', 1),
('Gewerblicher Rechtsschutz', 1),
('Grundstücksrechts & Immobilienrecht', 1),
('Insolvenzrecht', 1),
('Internationales Recht', 1),
('Internationales Wirtschaftsrecht', 1),
('IT-Recht', 1),
('Jagdrecht', 1),
('Kaufrecht', 1),
('Maklerrecht', 1),
('Markenrecht', 1),
('Mediation', 1),
('Medizinrecht', 1),
('Mietrechts & Wohnungseigenturmsrecht', 1),
('Migrationsrecht', 1),
('Öffentliches Baurecht', 1),
('Öffentliches Rechts', 1),
('Opferhilfe', 1),
('Ordnungswidrigkeitenrecht', 1),
('Patentrecht', 1),
('Pferderecht', 1),
('Pflegerecht', 1),
('Rechts rund ums Tier', 1),
('Reiserecht', 1),
('Schadensersatzrecht &', 1),
('Schmerzensgeldrecht', 1),
('Schiedsgerichtsbarkeit', 1),
('Secht', 1),
('Schwerbehindertenrecht', 1),
('Sozialrecht', 1),
('Sozialversicherungsrecht', 1),
('Sportrecht', 1),
('Steuerrecht', 1),
('Strafrecht', 1),
('Transportrecht & Speditionsrecht', 1),
('Umweltrecht', 1),
('Unterhaltsrecht', 1),
('Unternehmensrecht & Betriebsnachfolge', 1),
('Urheberrecht & Medienrecht', 1),
('Vereinsrecht & Verbandsrecht', 1),
('Verfassungsrecht', 1),
('Vergaberecht', 1),
('Verkehrsrecht', 1),
('Versicherungsrecht', 1),
('Verwaltungsrecht', 1),
('Werkvertragsrecht', 1),
('Wettbewerbsrecht', 1),
('Wirtschaftsrecht', 1),
('Zivilprozessrecht', 2),
('Zivilrecht', 2),
('Zwangsvollstreckungsrecht', 2),
('Erbrecht', 2),
('Familienrecht', 2),
('Handelsrecht & Gesellschaftsrecht', 2),
('Immobilienrecht', 2),
('Vorsorgevollmacten', 2),
('Sonstige Beglaubigungen & Beurkundung', 2);


INSERT INTO
user_specializations(user_id, specialization_id) 
VALUES
( 'mock1', 1),
( 'mock1', 2),
( 'mock1', 5),
( 'mock1', 6),
( 'mock1', 10),
( 'mock2', 1),
( 'mock3', 1),
( 'mock4', 1),
( 'mock4', 3),
( 'mock5', 3);


INSERT INTO
user_languages(user_id, language_id) 
VALUES
( 'mock1', 1),
( 'mock1', 2),
( 'mock1', 5),
( 'mock1', 6),
( 'mock1', 3),
( 'mock2', 1),
( 'mock3', 1),
( 'mock4', 1),
( 'mock4', 3),
( 'mock5', 3);

INSERT INTO lawyer_availability(lawyer_id, time_slot, day_of_week, date, available) VALUES
('mock1', 2,3, STR_TO_DATE('19,11,2020','%d,%m,%Y'), TRUE),
('mock2', 2,2, STR_TO_DATE('18,11,2020','%d,%m,%Y'), false),
('mock3', 2,1, STR_TO_DATE('17,11,2020','%d,%m,%Y'), TRUE),
('mock4', 2,4, STR_TO_DATE('20,11,2020','%d,%m,%Y'), false),
('mock1', 3,4, STR_TO_DATE('21,11,2020','%d,%m,%Y'), TRUE),
('mock2', 4,5, STR_TO_DATE('22,11,2020','%d,%m,%Y'), TRUE),
('mock3', 2,4, STR_TO_DATE('25,11,2020','%d,%m,%Y'), TRUE),
('mock4', 3,4, STR_TO_DATE('20,11,2020','%d,%m,%Y'), TRUE);

INSERT INTO appointments(lawyer_id, user_id, time_slot, date) VALUES
('mock1', 'mock2', 2, STR_TO_DATE('19,10,2020','%d,%m,%Y')),
('mock2', 'mock3', 3, STR_TO_DATE('18,10,2020','%d,%m,%Y')),
('mock3', 'mock4', 2, STR_TO_DATE('17,10,2020','%d,%m,%Y')),
('mock4', 'mock5', 2, STR_TO_DATE('20,10,2020','%d,%m,%Y'));

